source,card_name,rating,rating_scale,comment,source_url
Draftsim,Besotted Knight,2.5,5,,https://draftsim.com/WOE-pick-order.php
Draftsim,Break the Spell,1.5,5,,https://draftsim.com/WOE-pick-order.php
Draftsim,Cursed Courtier,2.4,5,,https://draftsim.com/WOE-pick-order.php
Draftsim,Expel the Interlopers,3.2,5,,https://draftsim.com/WOE-pick-order.php
Draftsim,Gallant Pie-Wielder,2.4,5,,https://draftsim.com/WOE-pick-order.php
Draftsim,Glass Casket,2.6,5,,https://draftsim.com/WOE-pick-order.php
Draftsim,Knight of Doves,1,5,,https://draftsim.com/WOE-pick-order.php
Draftsim,Moonshaker Cavalry,1.9,5,,https://draftsim.com/WOE-pick-order.php
Draftsim,Stroke of Midnight,1,5,,https://draftsim.com/WOE-pick-order.php
Draftsim,Three Blind Mice,3.2,5,,https://draftsim.com/WOE-pick-order.php
Draftsim,Living Lectern,2.4,5,,https://draftsim.com/WOE-pick-order.php
Draftsim,Sleight of Hand,3,5,,https://draftsim.com/WOE-pick-order.php
Draftsim,Virtue of Knowledge,1,5,,https://draftsim.com/WOE-pick-order.php
Draftsim,"Ashiok, Wicked Manipulator",3.9,5,,https://draftsim.com/WOE-pick-order.php
Draftsim,Beseech the Mirror,1,5,,https://draftsim.com/WOE-pick-order.php
Draftsim,Conceited Witch,2.9,5,,https://draftsim.com/WOE-pick-order.php
Draftsim,The End,2.9,5,,https://draftsim.com/WOE-pick-order.php
Draftsim,Faerie Dreamthief,3.3,5,,https://draftsim.com/WOE-pick-order.php
Draftsim,Lich-Knights' Conquest,1,5,,https://draftsim.com/WOE-pick-order.php
Draftsim,Rowan's Grim Search,2.3,5,,https://draftsim.com/WOE-pick-order.php
Draftsim,Sweettooth Witch,3.2,5,,https://draftsim.com/WOE-pick-order.php
Draftsim,Embereth Veteran,3.2,5,,https://draftsim.com/WOE-pick-order.php
Draftsim,Realm-Scorcher Hellkite,4.4,5,,https://draftsim.com/WOE-pick-order.php
Draftsim,Torch the Tower,3.6,5,,https://draftsim.com/WOE-pick-order.php
Draftsim,Twisted Fealty,3.7,5,,https://draftsim.com/WOE-pick-order.php
Draftsim,Elvish Archivist,3.1,5,,https://draftsim.com/WOE-pick-order.php
Draftsim,Tanglespan Lookout,2.9,5,,https://draftsim.com/WOE-pick-order.php
Draftsim,Tough Cookie,3.8,5,,https://draftsim.com/WOE-pick-order.php
Draftsim,"Talion, the Kindly Lord",3.7,5,,https://draftsim.com/WOE-pick-order.php
Draftsim,Cruel Somnophage,2.4,5,,https://draftsim.com/WOE-pick-order.php
Draftsim,Restless Fortress,3.1,5,,https://draftsim.com/WOE-pick-order.php
Draftsim,Werefox Bodyguard,3.6,5,,https://draftsim.com/WOE-pick-order.php
Draftsim,Ego Drain,1.5,5,,https://draftsim.com/WOE-pick-order.php
Draftsim,Howling Galefang,2.9,5,,https://draftsim.com/WOE-pick-order.php
Draftsim,Tattered Ratter,2.8,5,,https://draftsim.com/WOE-pick-order.php
Draftsim,Callous Sell-Sword,3.1,5,,https://draftsim.com/WOE-pick-order.php
Draftsim,Johann's Stopgap,3,5,,https://draftsim.com/WOE-pick-order.php
Draftsim,Spellbook Vendor,4.2,5,,https://draftsim.com/WOE-pick-order.php
Draftsim,Stonesplitter Bolt,2.8,5,,https://draftsim.com/WOE-pick-order.php
Draftsim,Scalding Viper,3.3,5,,https://draftsim.com/WOE-pick-order.php
Draftsim,Ice Out,3,5,,https://draftsim.com/WOE-pick-order.php
Draftsim,Specter of Mortality,3,5,,https://draftsim.com/WOE-pick-order.php
Draftsim,Agatha's Soul Cauldron,3,5,,https://draftsim.com/WOE-pick-order.php
Draftsim,Lord Skitter's Butcher,3.3,5,,https://draftsim.com/WOE-pick-order.php
Draftsim,Monstrous Rage,3.4,5,,https://draftsim.com/WOE-pick-order.php
Draftsim,Skybeast Tracker,2,5,,https://draftsim.com/WOE-pick-order.php
Draftsim,Farsight Ritual,2.6,5,,https://draftsim.com/WOE-pick-order.php
Draftsim,Thunderous Debut,2.3,5,,https://draftsim.com/WOE-pick-order.php
Draftsim,Beanstalk Wurm,2.4,5,,https://draftsim.com/WOE-pick-order.php
Draftsim,Return from the Wilds,2.5,5,,https://draftsim.com/WOE-pick-order.php
Draftsim,Rootrider Faun,2.8,5,,https://draftsim.com/WOE-pick-order.php
Draftsim,Edgewall Inn,3,5,,https://draftsim.com/WOE-pick-order.php
Draftsim,Lord Skitter's Blessing,2.4,5,,https://draftsim.com/WOE-pick-order.php
Draftsim,Ratcatcher Trainee,3.1,5,,https://draftsim.com/WOE-pick-order.php
Draftsim,Warehouse Tabby,2.4,5,,https://draftsim.com/WOE-pick-order.php
Draftsim,Rat Out,3.3,5,,https://draftsim.com/WOE-pick-order.php
Draftsim,Blossoming Tortoise,2.9,5,,https://draftsim.com/WOE-pick-order.php
Draftsim,The Huntsman's Redemption,3.8,5,,https://draftsim.com/WOE-pick-order.php
Draftsim,Troublemaker Ouphe,2.5,5,,https://draftsim.com/WOE-pick-order.php
Draftsim,"Will, Scion of Peace",1,5,,https://draftsim.com/WOE-pick-order.php
Draftsim,"Troyan, Gutsy Explorer",2.2,5,,https://draftsim.com/WOE-pick-order.php
Draftsim,"Totentanz, Swarm Piper",3.3,5,,https://draftsim.com/WOE-pick-order.php
Draftsim,The Goose Mother,4.1,5,,https://draftsim.com/WOE-pick-order.php
Draftsim,"Syr Ginger, the Meal Ender",2.7,5,,https://draftsim.com/WOE-pick-order.php
Draftsim,"Syr Armont, the Redeemer",3,5,,https://draftsim.com/WOE-pick-order.php
Draftsim,Sharae of Numbing Depths,3.1,5,,https://draftsim.com/WOE-pick-order.php
Draftsim,"Ruby, Daring Tracker",3.2,5,,https://draftsim.com/WOE-pick-order.php
Draftsim,"Rowan, Scion of War",2.7,5,,https://draftsim.com/WOE-pick-order.php
Draftsim,Restless Cottage,3.6,5,,https://draftsim.com/WOE-pick-order.php
Draftsim,"Obyra, Dreaming Duelist",3.1,5,,https://draftsim.com/WOE-pick-order.php
Draftsim,"Neva, Stalked by Nightmares",2.4,5,,https://draftsim.com/WOE-pick-order.php
Draftsim,"Johann, Apprentice Sorcerer",2.9,5,,https://draftsim.com/WOE-pick-order.php
Draftsim,"Kellan, the Fae-Blooded",3.3,5,,https://draftsim.com/WOE-pick-order.php
Draftsim,Hylda of the Icy Crown,2.4,5,,https://draftsim.com/WOE-pick-order.php
Draftsim,"Greta, Sweettooth Scourge",3.3,5,,https://draftsim.com/WOE-pick-order.php
Draftsim,Frolicking Familiar,3.3,5,,https://draftsim.com/WOE-pick-order.php
Draftsim,Faunsbane Troll,4.4,5,,https://draftsim.com/WOE-pick-order.php
Draftsim,Evolving Wilds,2.8,5,,https://draftsim.com/WOE-pick-order.php
Draftsim,Eriette of the Charmed Apple,2.8,5,,https://draftsim.com/WOE-pick-order.php
Draftsim,Decadent Dragon,3.5,5,,https://draftsim.com/WOE-pick-order.php
Draftsim,Beluna Grandsquall,2.6,5,,https://draftsim.com/WOE-pick-order.php
Draftsim,"Ash, Party Crasher",3.4,5,,https://draftsim.com/WOE-pick-order.php
Draftsim,Agatha of the Vile Cauldron,1,5,,https://draftsim.com/WOE-pick-order.php
Draftsim,Two-Headed Hunter,3.1,5,,https://draftsim.com/WOE-pick-order.php
Draftsim,Charming Scoundrel,3.1,5,,https://draftsim.com/WOE-pick-order.php
Draftsim,Eerie Interference,1,5,,https://draftsim.com/WOE-pick-order.php
Draftsim,Archon of the Wild Rose,3.4,5,,https://draftsim.com/WOE-pick-order.php
Draftsim,Raging Battle Mouse,3,5,,https://draftsim.com/WOE-pick-order.php
Draftsim,Armory Mice,2.4,5,,https://draftsim.com/WOE-pick-order.php
Draftsim,Faerie Fencing,3.2,5,,https://draftsim.com/WOE-pick-order.php
Draftsim,Night of the Sweets' Revenge,2,5,,https://draftsim.com/WOE-pick-order.php
Draftsim,Korvold and the Noble Thief,1,5,,https://draftsim.com/WOE-pick-order.php
Draftsim,Picnic Ruiner,3.3,5,,https://draftsim.com/WOE-pick-order.php
Draftsim,Threadbind Clique,3.2,5,,https://draftsim.com/WOE-pick-order.php
Draftsim,Brave the Wilds,2.8,5,,https://draftsim.com/WOE-pick-order.php
Draftsim,Chancellor of Tales,1.9,5,,https://draftsim.com/WOE-pick-order.php
Draftsim,Hopeless Nightmare,3.5,5,,https://draftsim.com/WOE-pick-order.php
Draftsim,Spiteful Hexmage,3.4,5,,https://draftsim.com/WOE-pick-order.php
Draftsim,Cut In,3.4,5,,https://draftsim.com/WOE-pick-order.php
Draftsim,Discerning Financier,1.9,5,,https://draftsim.com/WOE-pick-order.php
Draftsim,Agatha's Champion,3.2,5,,https://draftsim.com/WOE-pick-order.php
Draftsim,Virtue of Loyalty,4.3,5,,https://draftsim.com/WOE-pick-order.php
Draftsim,Virtue of Persistence,4.7,5,,https://draftsim.com/WOE-pick-order.php
Draftsim,Shrouded Shepherd,3.2,5,,https://draftsim.com/WOE-pick-order.php
Draftsim,The Apprentice's Folly,2.2,5,,https://draftsim.com/WOE-pick-order.php
Draftsim,Dutiful Griffin,2,5,,https://draftsim.com/WOE-pick-order.php
Draftsim,Stormkeld Vanguard,3.2,5,,https://draftsim.com/WOE-pick-order.php
Draftsim,Splashy Spellcaster,2.3,5,,https://draftsim.com/WOE-pick-order.php
Draftsim,Redcap Gutter-Dweller,4.5,5,,https://draftsim.com/WOE-pick-order.php
Draftsim,Taken by Nightmares,3,5,,https://draftsim.com/WOE-pick-order.php
Draftsim,Flick a Coin,3.5,5,,https://draftsim.com/WOE-pick-order.php
Draftsim,Three Bowls of Porridge,2.4,5,,https://draftsim.com/WOE-pick-order.php
Draftsim,Bramble Familiar,2.8,5,,https://draftsim.com/WOE-pick-order.php
Draftsim,Ingenious Prodigy,3,5,,https://draftsim.com/WOE-pick-order.php
Draftsim,Icewrought Sentry,2.5,5,,https://draftsim.com/WOE-pick-order.php
Draftsim,Likeness Looter,2.2,5,,https://draftsim.com/WOE-pick-order.php
Draftsim,Not Dead After All,2.7,5,,https://draftsim.com/WOE-pick-order.php
Draftsim,Return Triumphant,2.5,5,,https://draftsim.com/WOE-pick-order.php
Draftsim,"Lord Skitter, Sewer King",4.4,5,,https://draftsim.com/WOE-pick-order.php
Draftsim,Extraordinary Journey,3.4,5,,https://draftsim.com/WOE-pick-order.php
Draftsim,Bitter Chill,3,5,,https://draftsim.com/WOE-pick-order.php
Draftsim,Gadwick's First Duel,2,5,,https://draftsim.com/WOE-pick-order.php
Draftsim,Ashiok's Reaper,1.9,5,,https://draftsim.com/WOE-pick-order.php
Draftsim,Soul-Guide Lantern,0.7,5,,https://draftsim.com/WOE-pick-order.php
Draftsim,Talion's Messenger,4.1,5,,https://draftsim.com/WOE-pick-order.php
Draftsim,The Princess Takes Flight,3.4,5,,https://draftsim.com/WOE-pick-order.php
Draftsim,Back for Seconds,2.4,5,,https://draftsim.com/WOE-pick-order.php
Draftsim,Royal Treatment,3.4,5,,https://draftsim.com/WOE-pick-order.php
Draftsim,Into the Fae Court,3.2,5,,https://draftsim.com/WOE-pick-order.php
Draftsim,"Imodane, the Pyrohammer",2.7,5,,https://draftsim.com/WOE-pick-order.php
Draftsim,Asinine Antics,1,5,,https://draftsim.com/WOE-pick-order.php
Draftsim,Rotisserie Elemental,2.9,5,,https://draftsim.com/WOE-pick-order.php
Draftsim,Hylda's Crown of Winter,2.7,5,,https://draftsim.com/WOE-pick-order.php
Draftsim,"Yenna, Redtooth Regent",2.8,5,,https://draftsim.com/WOE-pick-order.php
Draftsim,Picklock Prankster,3.4,5,,https://draftsim.com/WOE-pick-order.php
Draftsim,Pollen-Shield Hare,2.6,5,,https://draftsim.com/WOE-pick-order.php
Draftsim,Up the Beanstalk,3.2,5,,https://draftsim.com/WOE-pick-order.php
Draftsim,Spell Stutter,3.2,5,,https://draftsim.com/WOE-pick-order.php
Draftsim,Cheeky House-Mouse,2.9,5,,https://draftsim.com/WOE-pick-order.php
Draftsim,Welcome to Sweettooth,3.7,5,,https://draftsim.com/WOE-pick-order.php
Draftsim,"Goddric, Cloaked Reveler",3.5,5,,https://draftsim.com/WOE-pick-order.php
Draftsim,Gingerbread Hunter,3.9,5,,https://draftsim.com/WOE-pick-order.php
Draftsim,Boundary Lands Ranger,2.8,5,,https://draftsim.com/WOE-pick-order.php
Draftsim,Spellscorn Coven,3.3,5,,https://draftsim.com/WOE-pick-order.php
Draftsim,Sentinel of Lost Lore,2.9,5,,https://draftsim.com/WOE-pick-order.php
Draftsim,Water Wings,2.2,5,,https://draftsim.com/WOE-pick-order.php
Draftsim,Prophetic Prism,2.8,5,,https://draftsim.com/WOE-pick-order.php
Draftsim,Graceful Takedown,2.8,5,,https://draftsim.com/WOE-pick-order.php
Draftsim,Mocking Sprite,2.3,5,,https://draftsim.com/WOE-pick-order.php
Draftsim,Freeze in Place,1,5,,https://draftsim.com/WOE-pick-order.php
Draftsim,Devouring Sugarmaw,3.2,5,,https://draftsim.com/WOE-pick-order.php
Draftsim,Restless Spire,2.8,5,,https://draftsim.com/WOE-pick-order.php
Draftsim,Frantic Firebolt,2.6,5,,https://draftsim.com/WOE-pick-order.php
Draftsim,Kellan's Lightblades,2.5,5,,https://draftsim.com/WOE-pick-order.php
Draftsim,Heartflame Duelist,3.7,5,,https://draftsim.com/WOE-pick-order.php
Draftsim,Gruff Triplets,4.7,5,,https://draftsim.com/WOE-pick-order.php
Draftsim,Solitary Sanctuary,1,5,,https://draftsim.com/WOE-pick-order.php
Draftsim,A Tale for the Ages,1,5,,https://draftsim.com/WOE-pick-order.php
Draftsim,Belligerent of the Ball,2.9,5,,https://draftsim.com/WOE-pick-order.php
Draftsim,Galvanic Giant,1.9,5,,https://draftsim.com/WOE-pick-order.php
Draftsim,Charmed Clothier,2.3,5,,https://draftsim.com/WOE-pick-order.php
Draftsim,Grand Ball Guest,2.9,5,,https://draftsim.com/WOE-pick-order.php
Draftsim,Restless Bivouac,3.2,5,,https://draftsim.com/WOE-pick-order.php
Draftsim,Twisted Sewer-Witch,3.3,5,,https://draftsim.com/WOE-pick-order.php
Draftsim,Harried Spearguard,3.1,5,,https://draftsim.com/WOE-pick-order.php
Draftsim,Voracious Vermin,3,5,,https://draftsim.com/WOE-pick-order.php
Draftsim,Tangled Colony,3.8,5,,https://draftsim.com/WOE-pick-order.php
Draftsim,Tempest Hart,2.4,5,,https://draftsim.com/WOE-pick-order.php
Draftsim,Twining Twins,3.8,5,,https://draftsim.com/WOE-pick-order.php
Draftsim,Imodane's Recruiter,4.3,5,,https://draftsim.com/WOE-pick-order.php
Draftsim,Food Fight,1,5,,https://draftsim.com/WOE-pick-order.php
Draftsim,Horned Loch-Whale,4.4,5,,https://draftsim.com/WOE-pick-order.php
Draftsim,Virtue of Strength,1.5,5,,https://draftsim.com/WOE-pick-order.php
Draftsim,Quick Study,2.7,5,,https://draftsim.com/WOE-pick-order.php
Draftsim,Song of Totentanz,3.5,5,,https://draftsim.com/WOE-pick-order.php
Draftsim,Gumdrop Poisoner,4.1,5,,https://draftsim.com/WOE-pick-order.php
Draftsim,Virtue of Courage,2.6,5,,https://draftsim.com/WOE-pick-order.php
Draftsim,Woodland Acolyte,3.2,5,,https://draftsim.com/WOE-pick-order.php
Draftsim,The Witch's Vanity,3.5,5,,https://draftsim.com/WOE-pick-order.php
Draftsim,Rankle's Prank,3,5,,https://draftsim.com/WOE-pick-order.php
Draftsim,Dream Spoilers,1.5,5,,https://draftsim.com/WOE-pick-order.php
Draftsim,Feral Encounter,3.3,5,,https://draftsim.com/WOE-pick-order.php
Draftsim,Regal Bunnicorn,3.7,5,,https://draftsim.com/WOE-pick-order.php
Draftsim,Witchstalker Frenzy,3.5,5,,https://draftsim.com/WOE-pick-order.php
Draftsim,Disdainful Stroke,2.5,5,,https://draftsim.com/WOE-pick-order.php
Draftsim,Questing Druid,2.9,5,,https://draftsim.com/WOE-pick-order.php
Draftsim,The Irencrag,1,5,,https://draftsim.com/WOE-pick-order.php
Draftsim,Restless Vinestalk,3.5,5,,https://draftsim.com/WOE-pick-order.php
Draftsim,Mosswood Dreadknight,3.8,5,,https://draftsim.com/WOE-pick-order.php
Draftsim,Candy Grapple,3.5,5,,https://draftsim.com/WOE-pick-order.php
Draftsim,Candy Trail,2.7,5,,https://draftsim.com/WOE-pick-order.php
Draftsim,Scream Puff,2.7,5,,https://draftsim.com/WOE-pick-order.php
Draftsim,Gingerbrute,2.8,5,,https://draftsim.com/WOE-pick-order.php
Draftsim,Aquatic Alchemist,2.6,5,,https://draftsim.com/WOE-pick-order.php
Draftsim,Elusive Otter,2.7,5,,https://draftsim.com/WOE-pick-order.php
Draftsim,Unruly Catapult,2.5,5,,https://draftsim.com/WOE-pick-order.php
Draftsim,Snaremaster Sprite,2.3,5,,https://draftsim.com/WOE-pick-order.php
Draftsim,Sleep-Cursed Faerie,3.9,5,,https://draftsim.com/WOE-pick-order.php
Draftsim,Redtooth Vanguard,2.6,5,,https://draftsim.com/WOE-pick-order.php
Draftsim,Collector's Vault,2.2,5,,https://draftsim.com/WOE-pick-order.php
Draftsim,Succumb to the Cold,1,5,,https://draftsim.com/WOE-pick-order.php
Draftsim,Eriette's Tempting Apple,3.4,5,,https://draftsim.com/WOE-pick-order.php
Draftsim,Hearth Elemental,3.2,5,,https://draftsim.com/WOE-pick-order.php
Draftsim,Barrow Naughty,3,5,,https://draftsim.com/WOE-pick-order.php
Draftsim,Scarecrow Guide,2.2,5,,https://draftsim.com/WOE-pick-order.php
Draftsim,Crystal Grotto,2.8,5,,https://draftsim.com/WOE-pick-order.php
Draftsim,Toadstool Admirer,1.9,5,,https://draftsim.com/WOE-pick-order.php
Draftsim,Verdant Outrider,2.3,5,,https://draftsim.com/WOE-pick-order.php
Draftsim,Territorial Witchstalker,2.3,5,,https://draftsim.com/WOE-pick-order.php
Draftsim,Titanic Growth,2.9,5,,https://draftsim.com/WOE-pick-order.php
Draftsim,Spider Food,2,5,,https://draftsim.com/WOE-pick-order.php
Draftsim,Leaping Ambush,2.7,5,,https://draftsim.com/WOE-pick-order.php
Draftsim,Redtooth Genealogist,2.8,5,,https://draftsim.com/WOE-pick-order.php
Draftsim,Hollow Scavenger,3.1,5,,https://draftsim.com/WOE-pick-order.php
Draftsim,Hamlet Glutton,3.2,5,,https://draftsim.com/WOE-pick-order.php
Draftsim,Curse of the Werefox,2.8,5,,https://draftsim.com/WOE-pick-order.php
Draftsim,Ferocious Werefox,2.9,5,,https://draftsim.com/WOE-pick-order.php
Draftsim,Commune with Nature,2.3,5,,https://draftsim.com/WOE-pick-order.php
Draftsim,Bestial Bloodline,2.1,5,,https://draftsim.com/WOE-pick-order.php
Draftsim,Witch's Mark,3.1,5,,https://draftsim.com/WOE-pick-order.php
Draftsim,Skewer Slinger,2.4,5,,https://draftsim.com/WOE-pick-order.php
Draftsim,Redcap Thief,3.1,5,,https://draftsim.com/WOE-pick-order.php
Draftsim,Minecart Daredevil,3,5,,https://draftsim.com/WOE-pick-order.php
Draftsim,Merry Bards,2.6,5,,https://draftsim.com/WOE-pick-order.php
Draftsim,Kindled Heroism,1.9,5,,https://draftsim.com/WOE-pick-order.php
Draftsim,Grabby Giant,3,5,,https://draftsim.com/WOE-pick-order.php
Draftsim,Edgewall Pack,3.1,5,,https://draftsim.com/WOE-pick-order.php
Draftsim,Gnawing Crescendo,3.1,5,,https://draftsim.com/WOE-pick-order.php
Draftsim,Bespoke Battlegarb,2.2,5,,https://draftsim.com/WOE-pick-order.php
Draftsim,Bellowing Bruiser,2.6,5,,https://draftsim.com/WOE-pick-order.php
Draftsim,Wicked Visitor,2.3,5,,https://draftsim.com/WOE-pick-order.php
Draftsim,Stingblade Assassin,2.5,5,,https://draftsim.com/WOE-pick-order.php
Draftsim,Sugar Rush,2.5,5,,https://draftsim.com/WOE-pick-order.php
Draftsim,Mintstrosity,3.1,5,,https://draftsim.com/WOE-pick-order.php
Draftsim,Shatter the Oath,3,5,,https://draftsim.com/WOE-pick-order.php
Draftsim,High Fae Negotiator,3.4,5,,https://draftsim.com/WOE-pick-order.php
Draftsim,Fell Horseman,2.4,5,,https://draftsim.com/WOE-pick-order.php
Draftsim,Feed the Cauldron,2.9,5,,https://draftsim.com/WOE-pick-order.php
Draftsim,Eriette's Whisper,2.6,5,,https://draftsim.com/WOE-pick-order.php
Draftsim,Vantress Transmuter,2.7,5,,https://draftsim.com/WOE-pick-order.php
Draftsim,Tenacious Tomeseeker,2.8,5,,https://draftsim.com/WOE-pick-order.php
Draftsim,Stormkeld Prowler,2.4,5,,https://draftsim.com/WOE-pick-order.php
Draftsim,Misleading Motes,2.4,5,,https://draftsim.com/WOE-pick-order.php
Draftsim,Obyra's Attendants,2.4,5,,https://draftsim.com/WOE-pick-order.php
Draftsim,Merfolk Coralsmith,2.2,5,,https://draftsim.com/WOE-pick-order.php
Draftsim,Diminisher Witch,2.8,5,,https://draftsim.com/WOE-pick-order.php
Draftsim,Beluna's Gatekeeper,2.7,5,,https://draftsim.com/WOE-pick-order.php
Draftsim,Archive Dragon,3,5,,https://draftsim.com/WOE-pick-order.php
Draftsim,Tuinvale Guide,2,5,,https://draftsim.com/WOE-pick-order.php
Draftsim,Unassuming Sage,2.1,5,,https://draftsim.com/WOE-pick-order.php
Draftsim,Stockpiling Celebrant,2.9,5,,https://draftsim.com/WOE-pick-order.php
Draftsim,Slumbering Keepguard,2,5,,https://draftsim.com/WOE-pick-order.php
Draftsim,Rimefur Reindeer,1.9,5,,https://draftsim.com/WOE-pick-order.php
Draftsim,Savior of the Sleeping,1.9,5,,https://draftsim.com/WOE-pick-order.php
Draftsim,Protective Parents,1.5,5,,https://draftsim.com/WOE-pick-order.php
Draftsim,Plunge into Winter,1,5,,https://draftsim.com/WOE-pick-order.php
Draftsim,Moment of Valor,2.4,5,,https://draftsim.com/WOE-pick-order.php
Draftsim,Hopeful Vigil,3.3,5,,https://draftsim.com/WOE-pick-order.php
Draftsim,Frostbridge Guard,2.1,5,,https://draftsim.com/WOE-pick-order.php
Draftsim,Cooped Up,3,5,,https://draftsim.com/WOE-pick-order.php
Draftsim,Archon's Glory,3.1,5,,https://draftsim.com/WOE-pick-order.php
Draftsim,Primal Vigor,0.7,5,,https://draftsim.com/WOE-pick-order.php
Draftsim,Shared Animosity,1,5,,https://draftsim.com/WOE-pick-order.php
Draftsim,Waste Not,0.7,5,,https://draftsim.com/WOE-pick-order.php
Draftsim,Hatching Plans,3.5,5,,https://draftsim.com/WOE-pick-order.php
Draftsim,Compulsion,1,5,,https://draftsim.com/WOE-pick-order.php
Draftsim,Dragon Mantle,2.7,5,,https://draftsim.com/WOE-pick-order.php
Draftsim,As Foretold,0.7,5,,https://draftsim.com/WOE-pick-order.php
Draftsim,Stab Wound,2.5,5,,https://draftsim.com/WOE-pick-order.php
Draftsim,Blind Obedience,1.5,5,,https://draftsim.com/WOE-pick-order.php
Draftsim,Vampiric Rites,2,5,,https://draftsim.com/WOE-pick-order.php
Draftsim,Leyline of Anticipation,0.7,5,,https://draftsim.com/WOE-pick-order.php
Draftsim,Dark Tutelage,1,5,,https://draftsim.com/WOE-pick-order.php
Draftsim,Leyline of Abundance,0.7,5,,https://draftsim.com/WOE-pick-order.php
Draftsim,Season of Growth,1.9,5,,https://draftsim.com/WOE-pick-order.php
Draftsim,Karmic Justice,0.7,5,,https://draftsim.com/WOE-pick-order.php
Draftsim,Leyline of Sanctity,0.7,5,,https://draftsim.com/WOE-pick-order.php
Draftsim,Utopia Sprawl,3.3,5,,https://draftsim.com/WOE-pick-order.php
Draftsim,Forced Fruition,1,5,,https://draftsim.com/WOE-pick-order.php
Draftsim,Omniscience,0.7,5,,https://draftsim.com/WOE-pick-order.php
Draftsim,Impact Tremors,1,5,,https://draftsim.com/WOE-pick-order.php
Draftsim,Grasp of Fate,2.6,5,,https://draftsim.com/WOE-pick-order.php
Draftsim,Goblin Bombardment,4.1,5,,https://draftsim.com/WOE-pick-order.php
Draftsim,Rest in Peace,0.7,5,,https://draftsim.com/WOE-pick-order.php
Draftsim,Parallel Lives,1,5,,https://draftsim.com/WOE-pick-order.php
Draftsim,Dawn of Hope,1,5,,https://draftsim.com/WOE-pick-order.php
Draftsim,Hardened Scales,0.7,5,,https://draftsim.com/WOE-pick-order.php
Draftsim,Ground Seal,1,5,,https://draftsim.com/WOE-pick-order.php
Draftsim,Phyrexian Unlife,0.7,5,,https://draftsim.com/WOE-pick-order.php
Draftsim,Repercussion,0.7,5,,https://draftsim.com/WOE-pick-order.php
Draftsim,Raid Bombardment,1,5,,https://draftsim.com/WOE-pick-order.php
Draftsim,Oversold Cemetery,1,5,,https://draftsim.com/WOE-pick-order.php
Draftsim,Mana Flare,0.7,5,,https://draftsim.com/WOE-pick-order.php
Draftsim,Knightly Valor,2,5,,https://draftsim.com/WOE-pick-order.php
Draftsim,Leyline of Lightning,0.7,5,,https://draftsim.com/WOE-pick-order.php
Draftsim,Intangible Virtue,1,5,,https://draftsim.com/WOE-pick-order.php
Draftsim,Intruder Alarm,0.7,5,,https://draftsim.com/WOE-pick-order.php
Draftsim,Fraying Sanity,0.7,5,,https://draftsim.com/WOE-pick-order.php
Draftsim,Nature's Will,0.7,5,,https://draftsim.com/WOE-pick-order.php
Draftsim,Leyline of the Void,0.7,5,,https://draftsim.com/WOE-pick-order.php
Draftsim,Oppression,0.7,5,,https://draftsim.com/WOE-pick-order.php
Draftsim,Griffin Aerie,2.4,5,,https://draftsim.com/WOE-pick-order.php
Draftsim,Grave Pact,1,5,,https://draftsim.com/WOE-pick-order.php
Draftsim,Garruk's Uprising,1,5,,https://draftsim.com/WOE-pick-order.php
Draftsim,Sneak Attack,0.7,5,,https://draftsim.com/WOE-pick-order.php
Draftsim,Unnatural Growth,2.3,5,,https://draftsim.com/WOE-pick-order.php
Draftsim,Smothering Tithe,0.7,5,,https://draftsim.com/WOE-pick-order.php
Draftsim,Spreading Seas,2.6,5,,https://draftsim.com/WOE-pick-order.php
Draftsim,Sanguine Bond,0.7,5,,https://draftsim.com/WOE-pick-order.php
Draftsim,Land Tax,2.9,5,,https://draftsim.com/WOE-pick-order.php
Draftsim,Kindred Discovery,0.7,5,,https://draftsim.com/WOE-pick-order.php
Draftsim,Necropotence,2.1,5,,https://draftsim.com/WOE-pick-order.php
Draftsim,Fiery Emancipation,2.4,5,,https://draftsim.com/WOE-pick-order.php
Draftsim,Defense of the Heart,3,5,,https://draftsim.com/WOE-pick-order.php
Draftsim,Bitterblossom,4,5,,https://draftsim.com/WOE-pick-order.php
Draftsim,Copy Enchantment,0.7,5,,https://draftsim.com/WOE-pick-order.php
Draftsim,Blood Moon,0.7,5,,https://draftsim.com/WOE-pick-order.php
Draftsim,Polluted Bonds,0.7,5,,https://draftsim.com/WOE-pick-order.php
Draftsim,Doubling Season,0.7,5,,https://draftsim.com/WOE-pick-order.php
Draftsim,Prismatic Omen,1,5,,https://draftsim.com/WOE-pick-order.php
Draftsim,Curiosity,2.4,5,,https://draftsim.com/WOE-pick-order.php
Draftsim,Rhystic Study,1,5,,https://draftsim.com/WOE-pick-order.php
Draftsim,Greater Auramancy,0.7,5,,https://draftsim.com/WOE-pick-order.php
Draftsim,Aggravated Assault,0.7,5,,https://draftsim.com/WOE-pick-order.php
